"統制ID","統制名","RCM区分","キー統制","評価結果","エビデンス種別","ファイル名","ファイルパス","形式","用途・内容"
"ELC-001","取締役会の機能","ELC","Y","有効","直接エビデンス","ELC-001_取締役会議事録_第245回_2025年9月.pdf","4.evidence/ELC/ELC-001_取締役会議事録_第245回_2025年9月.pdf","PDF","取締役会の開催状況・議事内容"
"ELC-002","倫理綱領の浸透","ELC","N","有効","直接エビデンス","ELC-002_RAW_HRシステム_倫理綱領受領確認ログ.csv","4.evidence/ELC/ELC-002_RAW_HRシステム_倫理綱領受領確認ログ.csv","CSV","(用途記述なし)"
"ELC-003","職務権限と組織体制","ELC","Y","有効","相互参照","company_profile.md","0.profile/company_profile.md (組織図・職務権限規程R18)","MD","直接エビデンスがないため、他統制または会社プロファイルから相互参照"
"ELC-003","職務権限と組織体制","ELC","Y","有効","相互参照","employees.xlsx","1.master_data/employees.xlsx (承認権限金額列)","XLSX","直接エビデンスがないため、他統制または会社プロファイルから相互参照"
"ELC-003","職務権限と組織体制","ELC","Y","有効","相互参照","user_roles_matrix.xlsx","1.master_data/user_roles_matrix.xlsx (SAPロール×ユーザ)","XLSX","直接エビデンスがないため、他統制または会社プロファイルから相互参照"
"ELC-004","全社リスク評価の実施","ELC","Y","有効","直接エビデンス","ELC-004_全社リスクアセスメント結果_2025年度.xlsx","4.evidence/ELC/ELC-004_全社リスクアセスメント結果_2025年度.xlsx","XLSX","年次リスクアセスメントの結果"
"ELC-005","不正リスク評価","ELC","Y","有効","相互参照","ELC-004_全社リスクアセスメント結果_2025年度.xlsx","4.evidence/ELC/ELC-004_全社リスクアセスメント結果_2025年度.xlsx (不正リスクファクター含む)","XLSX","直接エビデンスがないため、他統制または会社プロファイルから相互参照"
"ELC-006","規程・マニュアル整備","ELC","N","有効","相互参照","company_profile.md","0.profile/company_profile.md (第6章 主要規程体系 R01-R27)","MD","直接エビデンスがないため、他統制または会社プロファイルから相互参照"
"ELC-007","職務の分離","ELC","Y","軽微な不備(PLC-P-002関連)","相互参照","ITGC-AC-001_SAPアクセス権マトリクス.png","4.evidence/ITGC/AC_アクセス管理/ITGC-AC-001_SAPアクセス権マトリクス.png","PNG","直接エビデンスがないため、他統制または会社プロファイルから相互参照"
"ELC-007","職務の分離","ELC","Y","軽微な不備(PLC-P-002関連)","相互参照","PLC-P-002_*","4.evidence/PLC-P/PLC-P-002_* (発注承認不備ケース)","UNKNOWN","直接エビデンスがないため、他統制または会社プロファイルから相互参照"
"ELC-007","職務の分離","ELC","Y","軽微な不備(PLC-P-002関連)","相互参照","user_roles_matrix.xlsx","1.master_data/user_roles_matrix.xlsx (SoD違反PUR004を含むロールマトリクス)","XLSX","直接エビデンスがないため、他統制または会社プロファイルから相互参照"
"ELC-008","内部通報制度","ELC","Y","有効","直接エビデンス","ELC-008_内部通報受付台帳_FY2025.xlsx","4.evidence/ELC/ELC-008_内部通報受付台帳_FY2025.xlsx","XLSX","内部通報受付・調査完了記録"
"ELC-009","決算情報の伝達","ELC","N","有効","相互参照","FCRP-001_月次決算チェックリスト_202511.xlsx","4.evidence/FCRP/FCRP-001_月次決算チェックリスト_202511.xlsx","XLSX","直接エビデンスがないため、他統制または会社プロファイルから相互参照"
"ELC-009","決算情報の伝達","ELC","N","有効","相互参照","PLC-S_月次売上会議_議事録_202511.md","4.evidence/PLC-S/PLC-S_月次売上会議_議事録_202511.md","MD","直接エビデンスがないため、他統制または会社プロファイルから相互参照"
"ELC-010","内部監査の実施","ELC","Y","有効","直接エビデンス","ELC-010_2025年度内部監査計画書.pdf","4.evidence/ELC/ELC-010_2025年度内部監査計画書.pdf","PDF","年次内部監査計画の策定記録"
"ELC-011","監査等委員会のモニタリング","ELC","Y","有効","相互参照","ELC-001_取締役会議事録_第245回_2025年9月.pdf","4.evidence/ELC/ELC-001_取締役会議事録_第245回_2025年9月.pdf (監査等委員会陪席含む)","PDF","直接エビデンスがないため、他統制または会社プロファイルから相互参照"
"ELC-011","監査等委員会のモニタリング","ELC","Y","有効","相互参照","ELC-008_内部通報受付台帳_FY2025.xlsx","4.evidence/ELC/ELC-008_内部通報受付台帳_FY2025.xlsx (監査等委員会報告)","XLSX","直接エビデンスがないため、他統制または会社プロファイルから相互参照"
"ELC-012","IT戦略と情報セキュリティ方針","ELC","Y","有効","相互参照","ITGC-EM-001_SOC1レポート評価レビューシート_2025.pdf","4.evidence/ITGC/EM_外部委託管理/ITGC-EM-001_SOC1レポート評価レビューシート_2025.pdf","PDF","直接エビデンスがないため、他統制または会社プロファイルから相互参照"
"ELC-012","IT戦略と情報セキュリティ方針","ELC","Y","有効","相互参照","company_profile.md","0.profile/company_profile.md (第5章 ITシステム構成、R21 情報セキュリティ基本方針)","MD","直接エビデンスがないため、他統制または会社プロファイルから相互参照"
"FCRP-001","月次決算チェックリスト","FCRP","Y","有効","直接エビデンス","FCRP-001_全12ヶ月RAW_SAP_FB50_月次決算ジョブログ.csv","4.evidence/FCRP/FCRP-001_全12ヶ月RAW_SAP_FB50_月次決算ジョブログ.csv","CSV","(用途記述なし)"
"FCRP-002","連結パッケージ検証","FCRP","Y","有効","直接エビデンス","FCRP-002_全4四半期RAW_連結システムS05_パッケージ受信ログ.csv","4.evidence/FCRP/FCRP-002_全4四半期RAW_連結システムS05_パッケージ受信ログ.csv","CSV","(用途記述なし)"
"FCRP-003","会計上の見積レビュー","FCRP","Y","判断保留(HOLD-2026-003)","直接エビデンス","FCRP-003_全4四半期RAW_SAP_FB10N_貸倒引当金算定データ.csv","4.evidence/FCRP/FCRP-003_全4四半期RAW_SAP_FB10N_貸倒引当金算定データ.csv","CSV","(用途記述なし)"
"FCRP-004","連結仕訳承認","FCRP","Y","有効","直接エビデンス","FCRP-004_全4四半期RAW_連結システムS05_連結仕訳一覧.csv","4.evidence/FCRP/FCRP-004_全4四半期RAW_連結システムS05_連結仕訳一覧.csv","CSV","(用途記述なし)"
"FCRP-004","連結仕訳承認","FCRP","Y","有効","直接エビデンス","FCRP-004_連結仕訳一覧_2025Q3.xlsx","4.evidence/FCRP/FCRP-004_連結仕訳一覧_2025Q3.xlsx","XLSX","連結仕訳の一覧と承認"
"FCRP-005","開示書類レビュー","FCRP","Y","有効","直接エビデンス","FCRP-005_全4四半期RAW_開示システムS06_XBRL検証ログ.csv","4.evidence/FCRP/FCRP-005_全4四半期RAW_開示システムS06_XBRL検証ログ.csv","CSV","(用途記述なし)"
"ITAC-001","与信限度自動チェック","ITAC","Y","有効","直接エビデンス","ITAC-001_SAP与信限度自動チェック設定画面_OVAK.png","4.evidence/ITAC/ITAC-001_SAP与信限度自動チェック設定画面_OVAK.png","PNG","SAP OVAK 与信自動チェック設定"
"ITAC-002","3-way自動マッチング","ITAC","Y","有効","直接エビデンス","ITAC-002_3wayマッチング結果ログ_202511.csv","4.evidence/ITAC/ITAC-002_3wayマッチング結果ログ_202511.csv","CSV","月次3-wayマッチング実行ログ"
"ITAC-002","3-way自動マッチング","ITAC","Y","有効","直接エビデンス","ITAC-002_SAP3wayマッチング設定画面_OMRK.png","4.evidence/ITAC/ITAC-002_SAP3wayマッチング設定画面_OMRK.png","PNG","SAP OMRK 3-wayマッチング設定"
"ITAC-003","減価償却自動計算","ITAC","Y","有効","直接エビデンス","ITAC-003_SAP減価償却実行画面_AFAB.png","4.evidence/ITAC/ITAC-003_SAP減価償却実行画面_AFAB.png","PNG","SAP AFAB 月次減価償却実行画面"
"ITAC-004","承認ルーティング判定","ITAC","Y","有効","相互参照","ITGC-CM-001_変更申請書_REL-2025-023.pdf","4.evidence/ITGC/CM_変更管理/ITGC-CM-001_変更申請書_REL-2025-023.pdf (変更承認ルート)","PDF","直接エビデンスがないため、他統制または会社プロファイルから相互参照"
"ITAC-004","承認ルーティング判定","ITAC","Y","有効","相互参照","PLC-P-002_SAPワークフロー承認履歴ログ_FY2025抜粋.csv","4.evidence/PLC-P/PLC-P-002_SAPワークフロー承認履歴ログ_FY2025抜粋.csv (ルーティング実行履歴)","CSV","直接エビデンスがないため、他統制または会社プロファイルから相互参照"
"ITAC-004","承認ルーティング判定","ITAC","Y","有効","相互参照","PLC-S-007_価格マスタ変更稟議_W-2025-1876.pdf","4.evidence/PLC-S/PLC-S-007_価格マスタ変更稟議_W-2025-1876.pdf (ワークフロー承認実例)","PDF","直接エビデンスがないため、他統制または会社プロファイルから相互参照"
"ITAC-005","連結パッケージ検証","ITAC","Y","有効","相互参照","FCRP-002_連結パッケージ受領管理_2025Q3.xlsx","4.evidence/FCRP/FCRP-002_連結パッケージ受領管理_2025Q3.xlsx (バリデーションエラー検出実績)","XLSX","直接エビデンスがないため、他統制または会社プロファイルから相互参照"
"ITGC-AC-001","新規ユーザ登録承認","ITGC","Y","有効","直接エビデンス","ITGC-AC-001_25件対応_RAW_SAP_SU01_ユーザ作成履歴.csv","4.evidence/ITGC/AC_アクセス管理/ITGC-AC-001_25件対応_RAW_SAP_SU01_ユーザ作成履歴.csv","CSV","(用途記述なし)"
"ITGC-AC-001","新規ユーザ登録承認","ITGC","Y","有効","直接エビデンス","ITGC-AC-001_25件対応_RAW_ワークフロー承認履歴.csv","4.evidence/ITGC/AC_アクセス管理/ITGC-AC-001_25件対応_RAW_ワークフロー承認履歴.csv","CSV","(用途記述なし)"
"ITGC-AC-001","新規ユーザ登録承認","ITGC","Y","有効","直接エビデンス","ITGC-AC-001_25件対応_ユーザ登録申請書_サンプル01_USER-REG-2025-0001.pdf","4.evidence/ITGC/AC_アクセス管理/ITGC-AC-001_25件対応_ユーザ登録申請書_サンプル01_USER-REG-2025-0001.pdf","PDF","(用途記述なし)"
"ITGC-AC-001","新規ユーザ登録承認","ITGC","Y","有効","直接エビデンス","ITGC-AC-001_25件対応_ユーザ登録申請書_サンプル02_USER-REG-2025-0002.pdf","4.evidence/ITGC/AC_アクセス管理/ITGC-AC-001_25件対応_ユーザ登録申請書_サンプル02_USER-REG-2025-0002.pdf","PDF","(用途記述なし)"
"ITGC-AC-001","新規ユーザ登録承認","ITGC","Y","有効","直接エビデンス","ITGC-AC-001_25件対応_ユーザ登録申請書_サンプル03_USER-REG-2025-0003.pdf","4.evidence/ITGC/AC_アクセス管理/ITGC-AC-001_25件対応_ユーザ登録申請書_サンプル03_USER-REG-2025-0003.pdf","PDF","(用途記述なし)"
"ITGC-AC-001","新規ユーザ登録承認","ITGC","Y","有効","直接エビデンス","ITGC-AC-001_25件対応_ユーザ登録申請書_サンプル04_USER-REG-2025-0004.pdf","4.evidence/ITGC/AC_アクセス管理/ITGC-AC-001_25件対応_ユーザ登録申請書_サンプル04_USER-REG-2025-0004.pdf","PDF","(用途記述なし)"
"ITGC-AC-001","新規ユーザ登録承認","ITGC","Y","有効","直接エビデンス","ITGC-AC-001_25件対応_ユーザ登録申請書_サンプル05_USER-REG-2025-0005.pdf","4.evidence/ITGC/AC_アクセス管理/ITGC-AC-001_25件対応_ユーザ登録申請書_サンプル05_USER-REG-2025-0005.pdf","PDF","(用途記述なし)"
"ITGC-AC-001","新規ユーザ登録承認","ITGC","Y","有効","直接エビデンス","ITGC-AC-001_SAP_SU01_ユーザ作成画面.png","4.evidence/ITGC/AC_アクセス管理/ITGC-AC-001_SAP_SU01_ユーザ作成画面.png","PNG","SAP SU01 ユーザ作成画面"
"ITGC-AC-001","新規ユーザ登録承認","ITGC","Y","有効","直接エビデンス","ITGC-AC-001_SAPアクセス権マトリクス.png","4.evidence/ITGC/AC_アクセス管理/ITGC-AC-001_SAPアクセス権マトリクス.png","PNG","アクセス権マトリクス（SoD違反1件を視覚化）"
"ITGC-AC-001","新規ユーザ登録承認","ITGC","Y","有効","直接エビデンス","ITGC-AC-001_ユーザ登録申請書_USER-REG-2025-0087.pdf","4.evidence/ITGC/AC_アクセス管理/ITGC-AC-001_ユーザ登録申請書_USER-REG-2025-0087.pdf","PDF","新規ユーザ登録申請（承認付）"
"ITGC-AC-001","新規ユーザ登録承認","ITGC","Y","有効","直接エビデンス","ITGC-AC-001_監査対象25件サンプルリスト.xlsx","4.evidence/ITGC/AC_アクセス管理/ITGC-AC-001_監査対象25件サンプルリスト.xlsx","XLSX","(用途記述なし)"
"ITGC-AC-002","アクセス権定期棚卸","ITGC","Y","判断保留(HOLD-2026-002)","直接エビデンス","ITGC-AC-002_SAP_SUIM_有効ユーザ一覧_Q3棚卸用.xlsx","4.evidence/ITGC/AC_アクセス管理/ITGC-AC-002_SAP_SUIM_有効ユーザ一覧_Q3棚卸用.xlsx","XLSX","SUIMユーザ一覧＋棚卸結果（抽出条件不明→判断保留）"
"ITGC-AC-003","退職者アカウント停止","ITGC","Y","不備(DEF-2026-001 重要な不備)","直接エビデンス","ITGC-AC-003_SAP_SM19_SM20_退職者ログインログ抽出.csv","4.evidence/ITGC/AC_アクセス管理/ITGC-AC-003_SAP_SM19_SM20_退職者ログインログ抽出.csv","CSV","退職者の停止遅延期間中のログイン履歴（ゼロ確認）"
"ITGC-AC-004","特権ID管理","ITGC","Y","有効","直接エビデンス","ITGC-AC-004_特権ID操作ログ_202511.csv","4.evidence/ITGC/AC_アクセス管理/ITGC-AC-004_特権ID操作ログ_202511.csv","CSV","月次特権ID操作ログレビュー"
"ITGC-CM-001","変更申請・承認","ITGC","Y","有効","直接エビデンス","ITGC-CM-001_25件対応_RAW_変更管理台帳.csv","4.evidence/ITGC/CM_変更管理/ITGC-CM-001_25件対応_RAW_変更管理台帳.csv","CSV","(用途記述なし)"
"ITGC-CM-001","変更申請・承認","ITGC","Y","有効","直接エビデンス","ITGC-CM-001_25件対応_変更申請書_サンプル01_REL-2025-002.pdf","4.evidence/ITGC/CM_変更管理/ITGC-CM-001_25件対応_変更申請書_サンプル01_REL-2025-002.pdf","PDF","(用途記述なし)"
"ITGC-CM-001","変更申請・承認","ITGC","Y","有効","直接エビデンス","ITGC-CM-001_25件対応_変更申請書_サンプル02_REL-2025-004.pdf","4.evidence/ITGC/CM_変更管理/ITGC-CM-001_25件対応_変更申請書_サンプル02_REL-2025-004.pdf","PDF","(用途記述なし)"
"ITGC-CM-001","変更申請・承認","ITGC","Y","有効","直接エビデンス","ITGC-CM-001_25件対応_変更申請書_サンプル03_REL-2025-006.pdf","4.evidence/ITGC/CM_変更管理/ITGC-CM-001_25件対応_変更申請書_サンプル03_REL-2025-006.pdf","PDF","(用途記述なし)"
"ITGC-CM-001","変更申請・承認","ITGC","Y","有効","直接エビデンス","ITGC-CM-001_変更申請書_REL-2025-023.pdf","4.evidence/ITGC/CM_変更管理/ITGC-CM-001_変更申請書_REL-2025-023.pdf","PDF","個別変更申請書（承認付）"
"ITGC-CM-001","変更申請・承認","ITGC","Y","有効","直接エビデンス","ITGC-CM-001_変更管理一覧_FY2025.xlsx","4.evidence/ITGC/CM_変更管理/ITGC-CM-001_変更管理一覧_FY2025.xlsx","XLSX","FY2025変更申請全42件の一覧"
"ITGC-CM-001","変更申請・承認","ITGC","Y","有効","直接エビデンス","ITGC-CM-001_監査対象25件サンプルリスト.xlsx","4.evidence/ITGC/CM_変更管理/ITGC-CM-001_監査対象25件サンプルリスト.xlsx","XLSX","(用途記述なし)"
"ITGC-CM-002","テスト実施","ITGC","Y","有効(軽微例外許容)","直接エビデンス","ITGC-CM-002_25件対応_RAW_UATテスト結果ログ.csv","4.evidence/ITGC/CM_変更管理/ITGC-CM-002_25件対応_RAW_UATテスト結果ログ.csv","CSV","(用途記述なし)"
"ITGC-CM-002","テスト実施","ITGC","Y","有効(軽微例外許容)","直接エビデンス","ITGC-CM-002_UATテスト結果_REL-2025-023.xlsx","4.evidence/ITGC/CM_変更管理/ITGC-CM-002_UATテスト結果_REL-2025-023.xlsx","XLSX","UATテストケース実施結果"
"ITGC-CM-003","本番移送","ITGC","Y","有効","直接エビデンス","ITGC-CM-003_25件対応_RAW_SAP_STMS_本番移送履歴.csv","4.evidence/ITGC/CM_変更管理/ITGC-CM-003_25件対応_RAW_SAP_STMS_本番移送履歴.csv","CSV","(用途記述なし)"
"ITGC-CM-003","本番移送","ITGC","Y","有効","直接エビデンス","ITGC-CM-003_SAP_STMS_本番移送記録_FY2025Q2-Q3.csv","4.evidence/ITGC/CM_変更管理/ITGC-CM-003_SAP_STMS_本番移送記録_FY2025Q2-Q3.csv","CSV","SAP STMS本番移送履歴"
"ITGC-EM-001","委託先管理","ITGC","Y","有効","直接エビデンス","ITGC-EM-001_RAW_SOC1レポート_B社_FY2024.pdf","4.evidence/ITGC/EM_外部委託管理/ITGC-EM-001_RAW_SOC1レポート_B社_FY2024.pdf","PDF","(用途記述なし)"
"ITGC-EM-001","委託先管理","ITGC","Y","有効","直接エビデンス","ITGC-EM-001_RAW_SOC1レポート_SIerA_FY2024.pdf","4.evidence/ITGC/EM_外部委託管理/ITGC-EM-001_RAW_SOC1レポート_SIerA_FY2024.pdf","PDF","(用途記述なし)"
"ITGC-OM-001","バックアップ","ITGC","Y","有効","直接エビデンス","ITGC-OM-001_25件対応_RAW_SAP_DB13_バックアップログ.csv","4.evidence/ITGC/OM_運用管理/ITGC-OM-001_25件対応_RAW_SAP_DB13_バックアップログ.csv","CSV","(用途記述なし)"
"ITGC-OM-001","バックアップ","ITGC","Y","有効","直接エビデンス","ITGC-OM-001_DRリストアテスト報告書_2025Q3.pdf","4.evidence/ITGC/OM_運用管理/ITGC-OM-001_DRリストアテスト報告書_2025Q3.pdf","PDF","四半期DRテスト結果"
"ITGC-OM-002","障害管理","ITGC","N","有効","直接エビデンス","ITGC-OM-002_全18件RAW_監視ツール障害検知ログ.csv","4.evidence/ITGC/OM_運用管理/ITGC-OM-002_全18件RAW_監視ツール障害検知ログ.csv","CSV","(用途記述なし)"
"PLC-I-001","実地棚卸","PLC-I","Y","有効","直接エビデンス","PLC-I-001_RAW_SAP_MI07_棚卸差異一覧_2025年9月.csv","4.evidence/PLC-I/PLC-I-001_RAW_SAP_MI07_棚卸差異一覧_2025年9月.csv","CSV","(用途記述なし)"
"PLC-I-001","実地棚卸","PLC-I","Y","有効","直接エビデンス","PLC-I-001_SAP在庫数量一覧_MB52.png","4.evidence/PLC-I/PLC-I-001_SAP在庫数量一覧_MB52.png","PNG","SAP MB52 在庫数量照会画面"
"PLC-I-001","実地棚卸","PLC-I","Y","有効","直接エビデンス","PLC-I-001_棚卸写真_本社倉庫A_区画A-3.jpg","4.evidence/PLC-I/PLC-I-001_棚卸写真_本社倉庫A_区画A-3.jpg","JPG","棚卸実施時の現場写真（通常区画）"
"PLC-I-001","実地棚卸","PLC-I","Y","有効","直接エビデンス","PLC-I-001_棚卸写真_本社倉庫A_区画A-7_立会.jpg","4.evidence/PLC-I/PLC-I-001_棚卸写真_本社倉庫A_区画A-7_立会.jpg","JPG","棚卸写真（経理部立会）"
"PLC-I-001","実地棚卸","PLC-I","Y","有効","直接エビデンス","PLC-I-001_棚卸写真_本社倉庫B_区画B-3_差異発生区画.jpg","4.evidence/PLC-I/PLC-I-001_棚卸写真_本社倉庫B_区画B-3_差異発生区画.jpg","JPG","棚卸写真（差異発生区画）"
"PLC-I-001","実地棚卸","PLC-I","Y","有効","直接エビデンス","PLC-I-001_棚卸写真_東北工場倉庫_区画T-1.jpg","4.evidence/PLC-I/PLC-I-001_棚卸写真_東北工場倉庫_区画T-1.jpg","JPG","棚卸写真（東北工場）"
"PLC-I-002","棚卸差異調整","PLC-I","Y","不備(DEF-2026-003 軽微な不備)","直接エビデンス","PLC-I-002_全24件RAW_SAP_MIGO_棚卸差異調整仕訳.csv","4.evidence/PLC-I/PLC-I-002_全24件RAW_SAP_MIGO_棚卸差異調整仕訳.csv","CSV","(用途記述なし)"
"PLC-I-003","標準原価更新承認","PLC-I","Y","有効","直接エビデンス","PLC-I-003_標準原価更新稟議_W-2025-0089.pdf","4.evidence/PLC-I/PLC-I-003_標準原価更新稟議_W-2025-0089.pdf","PDF","期首標準原価更新の承認稟議"
"PLC-I-004","原価差異分析","PLC-I","N","有効","直接エビデンス","PLC-I-004_3ヶ月サンプルRAW_SAP_CO88_原価差異計算結果.csv","4.evidence/PLC-I/PLC-I-004_3ヶ月サンプルRAW_SAP_CO88_原価差異計算結果.csv","CSV","(用途記述なし)"
"PLC-I-005","滞留在庫評価損","PLC-I","Y","有効","直接エビデンス","PLC-I-005_全4四半期RAW_SAP_MB52_滞留在庫評価損計算結果.csv","4.evidence/PLC-I/PLC-I-005_全4四半期RAW_SAP_MB52_滞留在庫評価損計算結果.csv","CSV","(用途記述なし)"
"PLC-I-006","WMS-ERP在庫一致","PLC-I","N","有効","直接エビデンス","PLC-I-006_WMS-ERP在庫照合レポート_202511月次サンプル.csv","4.evidence/PLC-I/PLC-I-006_WMS-ERP在庫照合レポート_202511月次サンプル.csv","CSV","WMS-ERP日次照合レポート"
"PLC-I-007","原価計算月次締め","PLC-I","Y","有効","直接エビデンス","PLC-I-007_全12ヶ月RAW_SAP_MMPV_原価計算締めログ.csv","4.evidence/PLC-I/PLC-I-007_全12ヶ月RAW_SAP_MMPV_原価計算締めログ.csv","CSV","(用途記述なし)"
"PLC-P-001","購買依頼承認","PLC-P","N","有効","直接エビデンス","PLC-P-001_25件対応_RAW_SAP_ME5A_購買依頼詳細.csv","4.evidence/PLC-P/PLC-P-001_25件対応_RAW_SAP_ME5A_購買依頼詳細.csv","CSV","(用途記述なし)"
"PLC-P-001","購買依頼承認","PLC-P","N","有効","直接エビデンス","PLC-P-001_SAP購買依頼一覧_202511.xlsx","4.evidence/PLC-P/PLC-P-001_SAP購買依頼一覧_202511.xlsx","XLSX","購買依頼の月次実績（承認状況含む）"
"PLC-P-001","購買依頼承認","PLC-P","N","有効","直接エビデンス","PLC-P-001_監査対象25件サンプルリスト.xlsx","4.evidence/PLC-P/PLC-P-001_監査対象25件サンプルリスト.xlsx","XLSX","(用途記述なし)"
"PLC-P-002","発注承認(金額別)","PLC-P","Y","不備(DEF-2026-002 重要な不備の可能性)","直接エビデンス","PLC-P-002_25件対応_RAW_SAP_ME2N_発注詳細.csv","4.evidence/PLC-P/PLC-P-002_25件対応_RAW_SAP_ME2N_発注詳細.csv","CSV","(用途記述なし)"
"PLC-P-002","発注承認(金額別)","PLC-P","Y","不備(DEF-2026-002 重要な不備の可能性)","直接エビデンス","PLC-P-002_25件対応_RAW_SAPワークフロー承認履歴.csv","4.evidence/PLC-P/PLC-P-002_25件対応_RAW_SAPワークフロー承認履歴.csv","CSV","(用途記述なし)"
"PLC-P-002","発注承認(金額別)","PLC-P","Y","不備(DEF-2026-002 重要な不備の可能性)","直接エビデンス","PLC-P-002_25件対応_発注書_サンプル01_PO-2025-2130.pdf","4.evidence/PLC-P/PLC-P-002_25件対応_発注書_サンプル01_PO-2025-2130.pdf","PDF","(用途記述なし)"
"PLC-P-002","発注承認(金額別)","PLC-P","Y","不備(DEF-2026-002 重要な不備の可能性)","直接エビデンス","PLC-P-002_25件対応_発注書_サンプル02_PO-2025-2260.pdf","4.evidence/PLC-P/PLC-P-002_25件対応_発注書_サンプル02_PO-2025-2260.pdf","PDF","(用途記述なし)"
"PLC-P-002","発注承認(金額別)","PLC-P","Y","不備(DEF-2026-002 重要な不備の可能性)","直接エビデンス","PLC-P-002_25件対応_発注書_サンプル03_PO-2025-2390.pdf","4.evidence/PLC-P/PLC-P-002_25件対応_発注書_サンプル03_PO-2025-2390.pdf","PDF","(用途記述なし)"
"PLC-P-002","発注承認(金額別)","PLC-P","Y","不備(DEF-2026-002 重要な不備の可能性)","直接エビデンス","PLC-P-002_25件対応_発注書_サンプル04_PO-2025-2520.pdf","4.evidence/PLC-P/PLC-P-002_25件対応_発注書_サンプル04_PO-2025-2520.pdf","PDF","(用途記述なし)"
"PLC-P-002","発注承認(金額別)","PLC-P","Y","不備(DEF-2026-002 重要な不備の可能性)","直接エビデンス","PLC-P-002_25件対応_発注書_サンプル05_PO-2025-2650.pdf","4.evidence/PLC-P/PLC-P-002_25件対応_発注書_サンプル05_PO-2025-2650.pdf","PDF","(用途記述なし)"
"PLC-P-002","発注承認(金額別)","PLC-P","Y","不備(DEF-2026-002 重要な不備の可能性)","直接エビデンス","PLC-P-002_25件対応_発注書_サンプル06_PO-2025-2780.pdf","4.evidence/PLC-P/PLC-P-002_25件対応_発注書_サンプル06_PO-2025-2780.pdf","PDF","(用途記述なし)"
"PLC-P-002","発注承認(金額別)","PLC-P","Y","不備(DEF-2026-002 重要な不備の可能性)","直接エビデンス","PLC-P-002_25件対応_発注書_サンプル07_PO-2025-2910.pdf","4.evidence/PLC-P/PLC-P-002_25件対応_発注書_サンプル07_PO-2025-2910.pdf","PDF","(用途記述なし)"
"PLC-P-002","発注承認(金額別)","PLC-P","Y","不備(DEF-2026-002 重要な不備の可能性)","直接エビデンス","PLC-P-002_25件対応_発注書_サンプル08_PO-2025-3040.pdf","4.evidence/PLC-P/PLC-P-002_25件対応_発注書_サンプル08_PO-2025-3040.pdf","PDF","(用途記述なし)"
"PLC-P-002","発注承認(金額別)","PLC-P","Y","不備(DEF-2026-002 重要な不備の可能性)","直接エビデンス","PLC-P-002_25件対応_発注書_サンプル09_PO-2025-3170.pdf","4.evidence/PLC-P/PLC-P-002_25件対応_発注書_サンプル09_PO-2025-3170.pdf","PDF","(用途記述なし)"
"PLC-P-002","発注承認(金額別)","PLC-P","Y","不備(DEF-2026-002 重要な不備の可能性)","直接エビデンス","PLC-P-002_25件対応_発注書_サンプル10_PO-2025-3300.pdf","4.evidence/PLC-P/PLC-P-002_25件対応_発注書_サンプル10_PO-2025-3300.pdf","PDF","(用途記述なし)"
"PLC-P-002","発注承認(金額別)","PLC-P","Y","不備(DEF-2026-002 重要な不備の可能性)","直接エビデンス","PLC-P-002_25件対応_発注書_サンプル11_PO-2025-3430.pdf","4.evidence/PLC-P/PLC-P-002_25件対応_発注書_サンプル11_PO-2025-3430.pdf","PDF","(用途記述なし)"
"PLC-P-002","発注承認(金額別)","PLC-P","Y","不備(DEF-2026-002 重要な不備の可能性)","直接エビデンス","PLC-P-002_25件対応_発注書_サンプル12_PO-2025-3560.pdf","4.evidence/PLC-P/PLC-P-002_25件対応_発注書_サンプル12_PO-2025-3560.pdf","PDF","(用途記述なし)"
"PLC-P-002","発注承認(金額別)","PLC-P","Y","不備(DEF-2026-002 重要な不備の可能性)","直接エビデンス","PLC-P-002_25件対応_発注書_サンプル13_PO-2025-3690.pdf","4.evidence/PLC-P/PLC-P-002_25件対応_発注書_サンプル13_PO-2025-3690.pdf","PDF","(用途記述なし)"
"PLC-P-002","発注承認(金額別)","PLC-P","Y","不備(DEF-2026-002 重要な不備の可能性)","直接エビデンス","PLC-P-002_25件対応_発注書_サンプル14_PO-2025-3820.pdf","4.evidence/PLC-P/PLC-P-002_25件対応_発注書_サンプル14_PO-2025-3820.pdf","PDF","(用途記述なし)"
"PLC-P-002","発注承認(金額別)","PLC-P","Y","不備(DEF-2026-002 重要な不備の可能性)","直接エビデンス","PLC-P-002_25件対応_発注書_サンプル15_PO-2025-3950.pdf","4.evidence/PLC-P/PLC-P-002_25件対応_発注書_サンプル15_PO-2025-3950.pdf","PDF","(用途記述なし)"
"PLC-P-002","発注承認(金額別)","PLC-P","Y","不備(DEF-2026-002 重要な不備の可能性)","直接エビデンス","PLC-P-002_25件対応_発注書_サンプル16_PO-2025-4080.pdf","4.evidence/PLC-P/PLC-P-002_25件対応_発注書_サンプル16_PO-2025-4080.pdf","PDF","(用途記述なし)"
"PLC-P-002","発注承認(金額別)","PLC-P","Y","不備(DEF-2026-002 重要な不備の可能性)","直接エビデンス","PLC-P-002_25件対応_発注書_サンプル17_PO-2025-4210.pdf","4.evidence/PLC-P/PLC-P-002_25件対応_発注書_サンプル17_PO-2025-4210.pdf","PDF","(用途記述なし)"
"PLC-P-002","発注承認(金額別)","PLC-P","Y","不備(DEF-2026-002 重要な不備の可能性)","直接エビデンス","PLC-P-002_25件対応_発注書_サンプル18_PO-2025-4340.pdf","4.evidence/PLC-P/PLC-P-002_25件対応_発注書_サンプル18_PO-2025-4340.pdf","PDF","(用途記述なし)"
"PLC-P-002","発注承認(金額別)","PLC-P","Y","不備(DEF-2026-002 重要な不備の可能性)","直接エビデンス","PLC-P-002_25件対応_発注書_サンプル19_PO-2025-4470.pdf","4.evidence/PLC-P/PLC-P-002_25件対応_発注書_サンプル19_PO-2025-4470.pdf","PDF","(用途記述なし)"
"PLC-P-002","発注承認(金額別)","PLC-P","Y","不備(DEF-2026-002 重要な不備の可能性)","直接エビデンス","PLC-P-002_25件対応_発注書_サンプル20_PO-2025-4600.pdf","4.evidence/PLC-P/PLC-P-002_25件対応_発注書_サンプル20_PO-2025-4600.pdf","PDF","(用途記述なし)"
"PLC-P-002","発注承認(金額別)","PLC-P","Y","不備(DEF-2026-002 重要な不備の可能性)","直接エビデンス","PLC-P-002_25件対応_発注書_サンプル21_PO-2025-4730.pdf","4.evidence/PLC-P/PLC-P-002_25件対応_発注書_サンプル21_PO-2025-4730.pdf","PDF","(用途記述なし)"
"PLC-P-002","発注承認(金額別)","PLC-P","Y","不備(DEF-2026-002 重要な不備の可能性)","直接エビデンス","PLC-P-002_25件対応_発注書_サンプル22_PO-2025-4860.pdf","4.evidence/PLC-P/PLC-P-002_25件対応_発注書_サンプル22_PO-2025-4860.pdf","PDF","(用途記述なし)"
"PLC-P-002","発注承認(金額別)","PLC-P","Y","不備(DEF-2026-002 重要な不備の可能性)","直接エビデンス","PLC-P-002_25件対応_発注書_サンプル23_PO-2025-0234_不備.pdf","4.evidence/PLC-P/PLC-P-002_25件対応_発注書_サンプル23_PO-2025-0234_不備.pdf","PDF","(用途記述なし)"
"PLC-P-002","発注承認(金額別)","PLC-P","Y","不備(DEF-2026-002 重要な不備の可能性)","直接エビデンス","PLC-P-002_25件対応_発注書_サンプル24_PO-2025-0789_不備.pdf","4.evidence/PLC-P/PLC-P-002_25件対応_発注書_サンプル24_PO-2025-0789_不備.pdf","PDF","(用途記述なし)"
"PLC-P-002","発注承認(金額別)","PLC-P","Y","不備(DEF-2026-002 重要な不備の可能性)","直接エビデンス","PLC-P-002_25件対応_発注書_サンプル25_PO-2025-1456_不備.pdf","4.evidence/PLC-P/PLC-P-002_25件対応_発注書_サンプル25_PO-2025-1456_不備.pdf","PDF","(用途記述なし)"
"PLC-P-002","発注承認(金額別)","PLC-P","Y","不備(DEF-2026-002 重要な不備の可能性)","直接エビデンス","PLC-P-002_SAPワークフロー承認履歴ログ_FY2025抜粋.csv","4.evidence/PLC-P/PLC-P-002_SAPワークフロー承認履歴ログ_FY2025抜粋.csv","CSV","承認ワークフロー履歴（不備ケース識別済）"
"PLC-P-002","発注承認(金額別)","PLC-P","Y","不備(DEF-2026-002 重要な不備の可能性)","直接エビデンス","PLC-P-002_SAP発注画面_不備ケースPO-2025-1456.png","4.evidence/PLC-P/PLC-P-002_SAP発注画面_不備ケースPO-2025-1456.png","PNG","SAP発注画面（不備ケースの権限超過警告）"
"PLC-P-002","発注承認(金額別)","PLC-P","Y","不備(DEF-2026-002 重要な不備の可能性)","直接エビデンス","PLC-P-002_SAP発注登録画面_PO-2025-2560.png","4.evidence/PLC-P/PLC-P-002_SAP発注登録画面_PO-2025-2560.png","PNG","SAP ME23N 発注登録画面（通常）"
"PLC-P-002","発注承認(金額別)","PLC-P","Y","不備(DEF-2026-002 重要な不備の可能性)","直接エビデンス","PLC-P-002_ワークフロー承認画面_通常案件.png","4.evidence/PLC-P/PLC-P-002_ワークフロー承認画面_通常案件.png","PNG","ワークフロー承認画面（通常案件）"
"PLC-P-002","発注承認(金額別)","PLC-P","Y","不備(DEF-2026-002 重要な不備の可能性)","直接エビデンス","PLC-P-002_監査対象25件サンプルリスト.xlsx","4.evidence/PLC-P/PLC-P-002_監査対象25件サンプルリスト.xlsx","XLSX","(用途記述なし)"
"PLC-P-002","発注承認(金額別)","PLC-P","Y","不備(DEF-2026-002 重要な不備の可能性)","直接エビデンス","PLC-P-002_購買関連承認権限一覧_職務権限規程R18抜粋.pdf","4.evidence/PLC-P/PLC-P-002_購買関連承認権限一覧_職務権限規程R18抜粋.pdf","PDF","購買承認権限の規程根拠"
"PLC-P-003","検収","PLC-P","Y","有効","直接エビデンス","PLC-P-003_25件対応_RAW_SAP_MIGO_検収詳細.csv","4.evidence/PLC-P/PLC-P-003_25件対応_RAW_SAP_MIGO_検収詳細.csv","CSV","(用途記述なし)"
"PLC-P-003","検収","PLC-P","Y","有効","直接エビデンス","PLC-P-003_25件対応_検収報告書_サンプル01_REC-2025-5073.pdf","4.evidence/PLC-P/PLC-P-003_25件対応_検収報告書_サンプル01_REC-2025-5073.pdf","PDF","(用途記述なし)"
"PLC-P-003","検収","PLC-P","Y","有効","直接エビデンス","PLC-P-003_25件対応_検収報告書_サンプル02_REC-2025-5146.pdf","4.evidence/PLC-P/PLC-P-003_25件対応_検収報告書_サンプル02_REC-2025-5146.pdf","PDF","(用途記述なし)"
"PLC-P-003","検収","PLC-P","Y","有効","直接エビデンス","PLC-P-003_25件対応_検収報告書_サンプル03_REC-2025-5219.pdf","4.evidence/PLC-P/PLC-P-003_25件対応_検収報告書_サンプル03_REC-2025-5219.pdf","PDF","(用途記述なし)"
"PLC-P-003","検収","PLC-P","Y","有効","直接エビデンス","PLC-P-003_25件対応_検収報告書_サンプル04_REC-2025-5292.pdf","4.evidence/PLC-P/PLC-P-003_25件対応_検収報告書_サンプル04_REC-2025-5292.pdf","PDF","(用途記述なし)"
"PLC-P-003","検収","PLC-P","Y","有効","直接エビデンス","PLC-P-003_25件対応_検収報告書_サンプル05_REC-2025-5365.pdf","4.evidence/PLC-P/PLC-P-003_25件対応_検収報告書_サンプル05_REC-2025-5365.pdf","PDF","(用途記述なし)"
"PLC-P-003","検収","PLC-P","Y","有効","直接エビデンス","PLC-P-003_25件対応_検収報告書_サンプル06_REC-2025-5438.pdf","4.evidence/PLC-P/PLC-P-003_25件対応_検収報告書_サンプル06_REC-2025-5438.pdf","PDF","(用途記述なし)"
"PLC-P-003","検収","PLC-P","Y","有効","直接エビデンス","PLC-P-003_25件対応_検収報告書_サンプル07_REC-2025-5511.pdf","4.evidence/PLC-P/PLC-P-003_25件対応_検収報告書_サンプル07_REC-2025-5511.pdf","PDF","(用途記述なし)"
"PLC-P-003","検収","PLC-P","Y","有効","直接エビデンス","PLC-P-003_25件対応_検収報告書_サンプル08_REC-2025-5584.pdf","4.evidence/PLC-P/PLC-P-003_25件対応_検収報告書_サンプル08_REC-2025-5584.pdf","PDF","(用途記述なし)"
"PLC-P-003","検収","PLC-P","Y","有効","直接エビデンス","PLC-P-003_25件対応_検収報告書_サンプル09_REC-2025-5657.pdf","4.evidence/PLC-P/PLC-P-003_25件対応_検収報告書_サンプル09_REC-2025-5657.pdf","PDF","(用途記述なし)"
"PLC-P-003","検収","PLC-P","Y","有効","直接エビデンス","PLC-P-003_25件対応_検収報告書_サンプル10_REC-2025-5730.pdf","4.evidence/PLC-P/PLC-P-003_25件対応_検収報告書_サンプル10_REC-2025-5730.pdf","PDF","(用途記述なし)"
"PLC-P-003","検収","PLC-P","Y","有効","直接エビデンス","PLC-P-003_25件対応_検収報告書_サンプル11_REC-2025-5803.pdf","4.evidence/PLC-P/PLC-P-003_25件対応_検収報告書_サンプル11_REC-2025-5803.pdf","PDF","(用途記述なし)"
"PLC-P-003","検収","PLC-P","Y","有効","直接エビデンス","PLC-P-003_25件対応_検収報告書_サンプル12_REC-2025-5876.pdf","4.evidence/PLC-P/PLC-P-003_25件対応_検収報告書_サンプル12_REC-2025-5876.pdf","PDF","(用途記述なし)"
"PLC-P-003","検収","PLC-P","Y","有効","直接エビデンス","PLC-P-003_25件対応_検収報告書_サンプル13_REC-2025-5949.pdf","4.evidence/PLC-P/PLC-P-003_25件対応_検収報告書_サンプル13_REC-2025-5949.pdf","PDF","(用途記述なし)"
"PLC-P-003","検収","PLC-P","Y","有効","直接エビデンス","PLC-P-003_25件対応_検収報告書_サンプル14_REC-2025-6022.pdf","4.evidence/PLC-P/PLC-P-003_25件対応_検収報告書_サンプル14_REC-2025-6022.pdf","PDF","(用途記述なし)"
"PLC-P-003","検収","PLC-P","Y","有効","直接エビデンス","PLC-P-003_25件対応_検収報告書_サンプル15_REC-2025-6095.pdf","4.evidence/PLC-P/PLC-P-003_25件対応_検収報告書_サンプル15_REC-2025-6095.pdf","PDF","(用途記述なし)"
"PLC-P-003","検収","PLC-P","Y","有効","直接エビデンス","PLC-P-003_25件対応_検収報告書_サンプル16_REC-2025-6168.pdf","4.evidence/PLC-P/PLC-P-003_25件対応_検収報告書_サンプル16_REC-2025-6168.pdf","PDF","(用途記述なし)"
"PLC-P-003","検収","PLC-P","Y","有効","直接エビデンス","PLC-P-003_25件対応_検収報告書_サンプル17_REC-2025-6241.pdf","4.evidence/PLC-P/PLC-P-003_25件対応_検収報告書_サンプル17_REC-2025-6241.pdf","PDF","(用途記述なし)"
"PLC-P-003","検収","PLC-P","Y","有効","直接エビデンス","PLC-P-003_25件対応_検収報告書_サンプル18_REC-2025-6314.pdf","4.evidence/PLC-P/PLC-P-003_25件対応_検収報告書_サンプル18_REC-2025-6314.pdf","PDF","(用途記述なし)"
"PLC-P-003","検収","PLC-P","Y","有効","直接エビデンス","PLC-P-003_25件対応_検収報告書_サンプル19_REC-2025-6387.pdf","4.evidence/PLC-P/PLC-P-003_25件対応_検収報告書_サンプル19_REC-2025-6387.pdf","PDF","(用途記述なし)"
"PLC-P-003","検収","PLC-P","Y","有効","直接エビデンス","PLC-P-003_25件対応_検収報告書_サンプル20_REC-2025-6460.pdf","4.evidence/PLC-P/PLC-P-003_25件対応_検収報告書_サンプル20_REC-2025-6460.pdf","PDF","(用途記述なし)"
"PLC-P-003","検収","PLC-P","Y","有効","直接エビデンス","PLC-P-003_25件対応_検収報告書_サンプル21_REC-2025-6533.pdf","4.evidence/PLC-P/PLC-P-003_25件対応_検収報告書_サンプル21_REC-2025-6533.pdf","PDF","(用途記述なし)"
"PLC-P-003","検収","PLC-P","Y","有効","直接エビデンス","PLC-P-003_25件対応_検収報告書_サンプル22_REC-2025-6606.pdf","4.evidence/PLC-P/PLC-P-003_25件対応_検収報告書_サンプル22_REC-2025-6606.pdf","PDF","(用途記述なし)"
"PLC-P-003","検収","PLC-P","Y","有効","直接エビデンス","PLC-P-003_25件対応_検収報告書_サンプル23_REC-2025-6679.pdf","4.evidence/PLC-P/PLC-P-003_25件対応_検収報告書_サンプル23_REC-2025-6679.pdf","PDF","(用途記述なし)"
"PLC-P-003","検収","PLC-P","Y","有効","直接エビデンス","PLC-P-003_25件対応_検収報告書_サンプル24_REC-2025-6752.pdf","4.evidence/PLC-P/PLC-P-003_25件対応_検収報告書_サンプル24_REC-2025-6752.pdf","PDF","(用途記述なし)"
"PLC-P-003","検収","PLC-P","Y","有効","直接エビデンス","PLC-P-003_25件対応_検収報告書_サンプル25_REC-2025-6825.pdf","4.evidence/PLC-P/PLC-P-003_25件対応_検収報告書_サンプル25_REC-2025-6825.pdf","PDF","(用途記述なし)"
"PLC-P-003","検収","PLC-P","Y","有効","直接エビデンス","PLC-P-003_監査対象25件サンプルリスト.xlsx","4.evidence/PLC-P/PLC-P-003_監査対象25件サンプルリスト.xlsx","XLSX","(用途記述なし)"
"PLC-P-004","3-wayマッチング","PLC-P","Y","有効","直接エビデンス","PLC-P-004_25件対応_RAW_SAP_MIRO_3wayマッチング結果.csv","4.evidence/PLC-P/PLC-P-004_25件対応_RAW_SAP_MIRO_3wayマッチング結果.csv","CSV","(用途記述なし)"
"PLC-P-004","3-wayマッチング","PLC-P","Y","有効","直接エビデンス","PLC-P-004_監査対象25件サンプルリスト.xlsx","4.evidence/PLC-P/PLC-P-004_監査対象25件サンプルリスト.xlsx","XLSX","(用途記述なし)"
"PLC-P-005","仕入先マスタ管理","PLC-P","N","有効","直接エビデンス","PLC-P-005_25件対応_RAW_SAP_XK01_XK02_仕入先マスタ変更履歴.csv","4.evidence/PLC-P/PLC-P-005_25件対応_RAW_SAP_XK01_XK02_仕入先マスタ変更履歴.csv","CSV","(用途記述なし)"
"PLC-P-005","仕入先マスタ管理","PLC-P","N","有効","直接エビデンス","PLC-P-005_25件対応_仕入先マスタ変更申請書_サンプル01_VEND-CHG-2025-0001.pdf","4.evidence/PLC-P/PLC-P-005_25件対応_仕入先マスタ変更申請書_サンプル01_VEND-CHG-2025-0001.pdf","PDF","(用途記述なし)"
"PLC-P-005","仕入先マスタ管理","PLC-P","N","有効","直接エビデンス","PLC-P-005_25件対応_仕入先マスタ変更申請書_サンプル02_VEND-CHG-2025-0002.pdf","4.evidence/PLC-P/PLC-P-005_25件対応_仕入先マスタ変更申請書_サンプル02_VEND-CHG-2025-0002.pdf","PDF","(用途記述なし)"
"PLC-P-005","仕入先マスタ管理","PLC-P","N","有効","直接エビデンス","PLC-P-005_25件対応_仕入先マスタ変更申請書_サンプル03_VEND-CHG-2025-0003.pdf","4.evidence/PLC-P/PLC-P-005_25件対応_仕入先マスタ変更申請書_サンプル03_VEND-CHG-2025-0003.pdf","PDF","(用途記述なし)"
"PLC-P-005","仕入先マスタ管理","PLC-P","N","有効","直接エビデンス","PLC-P-005_25件対応_仕入先マスタ変更申請書_サンプル04_VEND-CHG-2025-0004.pdf","4.evidence/PLC-P/PLC-P-005_25件対応_仕入先マスタ変更申請書_サンプル04_VEND-CHG-2025-0004.pdf","PDF","(用途記述なし)"
"PLC-P-005","仕入先マスタ管理","PLC-P","N","有効","直接エビデンス","PLC-P-005_25件対応_仕入先マスタ変更申請書_サンプル05_VEND-CHG-2025-0005.pdf","4.evidence/PLC-P/PLC-P-005_25件対応_仕入先マスタ変更申請書_サンプル05_VEND-CHG-2025-0005.pdf","PDF","(用途記述なし)"
"PLC-P-005","仕入先マスタ管理","PLC-P","N","有効","直接エビデンス","PLC-P-005_監査対象25件サンプルリスト.xlsx","4.evidence/PLC-P/PLC-P-005_監査対象25件サンプルリスト.xlsx","XLSX","(用途記述なし)"
"PLC-P-006","支払承認","PLC-P","Y","有効","直接エビデンス","PLC-P-006_全12ヶ月RAW_SAP_F110_支払実行バッチ.csv","4.evidence/PLC-P/PLC-P-006_全12ヶ月RAW_SAP_F110_支払実行バッチ.csv","CSV","(用途記述なし)"
"PLC-P-007","期末未払計上","PLC-P","Y","有効","直接エビデンス","PLC-P-007_全87件RAW_SAP期末未払計上明細.csv","4.evidence/PLC-P/PLC-P-007_全87件RAW_SAP期末未払計上明細.csv","CSV","(用途記述なし)"
"PLC-S-001","受注・与信承認","PLC-S","Y","有効(軽微例外1件)","直接エビデンス","PLC-S-001_25件対応_RAW_SAP_VA05_受注詳細.csv","4.evidence/PLC-S/PLC-S-001_25件対応_RAW_SAP_VA05_受注詳細.csv","CSV","(用途記述なし)"
"PLC-S-001","受注・与信承認","PLC-S","Y","有効(軽微例外1件)","直接エビデンス","PLC-S-001_25件対応_RAW_SAP与信チェックログ.csv","4.evidence/PLC-S/PLC-S-001_25件対応_RAW_SAP与信チェックログ.csv","CSV","(用途記述なし)"
"PLC-S-001","受注・与信承認","PLC-S","Y","有効(軽微例外1件)","直接エビデンス","PLC-S-001_25件対応_RAW_ワークフロー承認履歴.csv","4.evidence/PLC-S/PLC-S-001_25件対応_RAW_ワークフロー承認履歴.csv","CSV","(用途記述なし)"
"PLC-S-001","受注・与信承認","PLC-S","Y","有効(軽微例外1件)","直接エビデンス","PLC-S-001_25件対応_注文書_サンプル01_ORD-2025-0230.pdf","4.evidence/PLC-S/PLC-S-001_25件対応_注文書_サンプル01_ORD-2025-0230.pdf","PDF","(用途記述なし)"
"PLC-S-001","受注・与信承認","PLC-S","Y","有効(軽微例外1件)","直接エビデンス","PLC-S-001_25件対応_注文書_サンプル02_ORD-2025-0360.pdf","4.evidence/PLC-S/PLC-S-001_25件対応_注文書_サンプル02_ORD-2025-0360.pdf","PDF","(用途記述なし)"
"PLC-S-001","受注・与信承認","PLC-S","Y","有効(軽微例外1件)","直接エビデンス","PLC-S-001_25件対応_注文書_サンプル03_ORD-2025-0490.pdf","4.evidence/PLC-S/PLC-S-001_25件対応_注文書_サンプル03_ORD-2025-0490.pdf","PDF","(用途記述なし)"
"PLC-S-001","受注・与信承認","PLC-S","Y","有効(軽微例外1件)","直接エビデンス","PLC-S-001_25件対応_注文書_サンプル04_ORD-2025-0620.pdf","4.evidence/PLC-S/PLC-S-001_25件対応_注文書_サンプル04_ORD-2025-0620.pdf","PDF","(用途記述なし)"
"PLC-S-001","受注・与信承認","PLC-S","Y","有効(軽微例外1件)","直接エビデンス","PLC-S-001_25件対応_注文書_サンプル05_ORD-2025-0750.pdf","4.evidence/PLC-S/PLC-S-001_25件対応_注文書_サンプル05_ORD-2025-0750.pdf","PDF","(用途記述なし)"
"PLC-S-001","受注・与信承認","PLC-S","Y","有効(軽微例外1件)","直接エビデンス","PLC-S-001_25件対応_注文書_サンプル06_ORD-2025-0880.pdf","4.evidence/PLC-S/PLC-S-001_25件対応_注文書_サンプル06_ORD-2025-0880.pdf","PDF","(用途記述なし)"
"PLC-S-001","受注・与信承認","PLC-S","Y","有効(軽微例外1件)","直接エビデンス","PLC-S-001_25件対応_注文書_サンプル07_ORD-2025-1010.pdf","4.evidence/PLC-S/PLC-S-001_25件対応_注文書_サンプル07_ORD-2025-1010.pdf","PDF","(用途記述なし)"
"PLC-S-001","受注・与信承認","PLC-S","Y","有効(軽微例外1件)","直接エビデンス","PLC-S-001_25件対応_注文書_サンプル08_ORD-2025-1140.pdf","4.evidence/PLC-S/PLC-S-001_25件対応_注文書_サンプル08_ORD-2025-1140.pdf","PDF","(用途記述なし)"
"PLC-S-001","受注・与信承認","PLC-S","Y","有効(軽微例外1件)","直接エビデンス","PLC-S-001_25件対応_注文書_サンプル09_ORD-2025-1270.pdf","4.evidence/PLC-S/PLC-S-001_25件対応_注文書_サンプル09_ORD-2025-1270.pdf","PDF","(用途記述なし)"
"PLC-S-001","受注・与信承認","PLC-S","Y","有効(軽微例外1件)","直接エビデンス","PLC-S-001_25件対応_注文書_サンプル10_ORD-2025-1400.pdf","4.evidence/PLC-S/PLC-S-001_25件対応_注文書_サンプル10_ORD-2025-1400.pdf","PDF","(用途記述なし)"
"PLC-S-001","受注・与信承認","PLC-S","Y","有効(軽微例外1件)","直接エビデンス","PLC-S-001_25件対応_注文書_サンプル11_ORD-2025-1530.pdf","4.evidence/PLC-S/PLC-S-001_25件対応_注文書_サンプル11_ORD-2025-1530.pdf","PDF","(用途記述なし)"
"PLC-S-001","受注・与信承認","PLC-S","Y","有効(軽微例外1件)","直接エビデンス","PLC-S-001_25件対応_注文書_サンプル12_ORD-2025-1660.pdf","4.evidence/PLC-S/PLC-S-001_25件対応_注文書_サンプル12_ORD-2025-1660.pdf","PDF","(用途記述なし)"
"PLC-S-001","受注・与信承認","PLC-S","Y","有効(軽微例外1件)","直接エビデンス","PLC-S-001_25件対応_注文書_サンプル13_ORD-2025-1790.pdf","4.evidence/PLC-S/PLC-S-001_25件対応_注文書_サンプル13_ORD-2025-1790.pdf","PDF","(用途記述なし)"
"PLC-S-001","受注・与信承認","PLC-S","Y","有効(軽微例外1件)","直接エビデンス","PLC-S-001_25件対応_注文書_サンプル14_ORD-2025-1920.pdf","4.evidence/PLC-S/PLC-S-001_25件対応_注文書_サンプル14_ORD-2025-1920.pdf","PDF","(用途記述なし)"
"PLC-S-001","受注・与信承認","PLC-S","Y","有効(軽微例外1件)","直接エビデンス","PLC-S-001_25件対応_注文書_サンプル15_ORD-2025-2050.pdf","4.evidence/PLC-S/PLC-S-001_25件対応_注文書_サンプル15_ORD-2025-2050.pdf","PDF","(用途記述なし)"
"PLC-S-001","受注・与信承認","PLC-S","Y","有効(軽微例外1件)","直接エビデンス","PLC-S-001_25件対応_注文書_サンプル16_ORD-2025-2180.pdf","4.evidence/PLC-S/PLC-S-001_25件対応_注文書_サンプル16_ORD-2025-2180.pdf","PDF","(用途記述なし)"
"PLC-S-001","受注・与信承認","PLC-S","Y","有効(軽微例外1件)","直接エビデンス","PLC-S-001_25件対応_注文書_サンプル17_ORD-2025-2310.pdf","4.evidence/PLC-S/PLC-S-001_25件対応_注文書_サンプル17_ORD-2025-2310.pdf","PDF","(用途記述なし)"
"PLC-S-001","受注・与信承認","PLC-S","Y","有効(軽微例外1件)","直接エビデンス","PLC-S-001_25件対応_注文書_サンプル18_ORD-2025-2440.pdf","4.evidence/PLC-S/PLC-S-001_25件対応_注文書_サンプル18_ORD-2025-2440.pdf","PDF","(用途記述なし)"
"PLC-S-001","受注・与信承認","PLC-S","Y","有効(軽微例外1件)","直接エビデンス","PLC-S-001_25件対応_注文書_サンプル19_ORD-2025-2570.pdf","4.evidence/PLC-S/PLC-S-001_25件対応_注文書_サンプル19_ORD-2025-2570.pdf","PDF","(用途記述なし)"
"PLC-S-001","受注・与信承認","PLC-S","Y","有効(軽微例外1件)","直接エビデンス","PLC-S-001_25件対応_注文書_サンプル20_ORD-2025-2700.pdf","4.evidence/PLC-S/PLC-S-001_25件対応_注文書_サンプル20_ORD-2025-2700.pdf","PDF","(用途記述なし)"
"PLC-S-001","受注・与信承認","PLC-S","Y","有効(軽微例外1件)","直接エビデンス","PLC-S-001_25件対応_注文書_サンプル21_ORD-2025-2830.pdf","4.evidence/PLC-S/PLC-S-001_25件対応_注文書_サンプル21_ORD-2025-2830.pdf","PDF","(用途記述なし)"
"PLC-S-001","受注・与信承認","PLC-S","Y","有効(軽微例外1件)","直接エビデンス","PLC-S-001_25件対応_注文書_サンプル22_ORD-2025-2960.pdf","4.evidence/PLC-S/PLC-S-001_25件対応_注文書_サンプル22_ORD-2025-2960.pdf","PDF","(用途記述なし)"
"PLC-S-001","受注・与信承認","PLC-S","Y","有効(軽微例外1件)","直接エビデンス","PLC-S-001_25件対応_注文書_サンプル23_ORD-2025-3090.pdf","4.evidence/PLC-S/PLC-S-001_25件対応_注文書_サンプル23_ORD-2025-3090.pdf","PDF","(用途記述なし)"
"PLC-S-001","受注・与信承認","PLC-S","Y","有効(軽微例外1件)","直接エビデンス","PLC-S-001_25件対応_注文書_サンプル24_ORD-2025-3220.pdf","4.evidence/PLC-S/PLC-S-001_25件対応_注文書_サンプル24_ORD-2025-3220.pdf","PDF","(用途記述なし)"
"PLC-S-001","受注・与信承認","PLC-S","Y","有効(軽微例外1件)","直接エビデンス","PLC-S-001_25件対応_注文書_サンプル25_ORD-2025-3350.pdf","4.evidence/PLC-S/PLC-S-001_25件対応_注文書_サンプル25_ORD-2025-3350.pdf","PDF","(用途記述なし)"
"PLC-S-001","受注・与信承認","PLC-S","Y","有効(軽微例外1件)","直接エビデンス","PLC-S-001_SAP_VA05_受注伝票一覧_FY2025.xlsx","4.evidence/PLC-S/PLC-S-001_SAP_VA05_受注伝票一覧_FY2025.xlsx","XLSX","受注承認統制の母集団（FY2025全受注）"
"PLC-S-001","受注・与信承認","PLC-S","Y","有効(軽微例外1件)","直接エビデンス","PLC-S-001_SAP与信チェックログ_202511.csv","4.evidence/PLC-S/PLC-S-001_SAP与信チェックログ_202511.csv","CSV","与信チェックの自動実行ログ"
"PLC-S-001","受注・与信承認","PLC-S","Y","有効(軽微例外1件)","直接エビデンス","PLC-S-001_SAP与信超過アラート画面_C-10007.png","4.evidence/PLC-S/PLC-S-001_SAP与信超過アラート画面_C-10007.png","PNG","SAP与信超過時のアラート画面"
"PLC-S-001","受注・与信承認","PLC-S","Y","有効(軽微例外1件)","直接エビデンス","PLC-S-001_SAP受注登録画面_ORD-2025-1420.png","4.evidence/PLC-S/PLC-S-001_SAP受注登録画面_ORD-2025-1420.png","PNG","SAP VA03 受注登録画面（通常ケース）"
"PLC-S-001","受注・与信承認","PLC-S","Y","有効(軽微例外1件)","直接エビデンス","PLC-S-001_ワークフロー承認_与信超過サンプル.png","4.evidence/PLC-S/PLC-S-001_ワークフロー承認_与信超過サンプル.png","PNG","与信超過時のワークフロー承認画面"
"PLC-S-001","受注・与信承認","PLC-S","Y","有効(軽微例外1件)","直接エビデンス","PLC-S-001_与信限度マスタ_SAP_FD32スナップショット.xlsx","4.evidence/PLC-S/PLC-S-001_与信限度マスタ_SAP_FD32スナップショット.xlsx","XLSX","与信限度マスタ（評価基準日時点）"
"PLC-S-001","受注・与信承認","PLC-S","Y","有効(軽微例外1件)","直接エビデンス","PLC-S-001_注文書_ORD-2025-0412_サンプル顧客H社.pdf","4.evidence/PLC-S/PLC-S-001_注文書_ORD-2025-0412_サンプル顧客H社.pdf","PDF","個別取引の受注原本（複数品目）"
"PLC-S-001","受注・与信承認","PLC-S","Y","有効(軽微例外1件)","直接エビデンス","PLC-S-001_注文書_ORD-2025-1420_サンプル顧客B社.pdf","4.evidence/PLC-S/PLC-S-001_注文書_ORD-2025-1420_サンプル顧客B社.pdf","PDF","個別取引の受注原本（通常ケース）"
"PLC-S-001","受注・与信承認","PLC-S","Y","有効(軽微例外1件)","直接エビデンス","PLC-S-001_注文書_ORD-2025-1876_サンプル顧客L社.pdf","4.evidence/PLC-S/PLC-S-001_注文書_ORD-2025-1876_サンプル顧客L社.pdf","PDF","個別取引の受注原本（承認遅延例外ケース）"
"PLC-S-001","受注・与信承認","PLC-S","Y","有効(軽微例外1件)","直接エビデンス","PLC-S-001_監査対象25件サンプルリスト.xlsx","4.evidence/PLC-S/PLC-S-001_監査対象25件サンプルリスト.xlsx","XLSX","(用途記述なし)"
"PLC-S-001","受注・与信承認","PLC-S","Y","有効(軽微例外1件)","直接エビデンス","PLC-S-001_販売関連承認権限一覧_職務権限規程R18抜粋.pdf","4.evidence/PLC-S/PLC-S-001_販売関連承認権限一覧_職務権限規程R18抜粋.pdf","PDF","承認権限の規程根拠"
"PLC-S-002","出荷-売上マッチング","PLC-S","Y","有効","直接エビデンス","PLC-S-002_25件対応_RAW_SAPマッチングバッチログ.csv","4.evidence/PLC-S/PLC-S-002_25件対応_RAW_SAPマッチングバッチログ.csv","CSV","(用途記述なし)"
"PLC-S-002","出荷-売上マッチング","PLC-S","Y","有効","直接エビデンス","PLC-S-002_25件対応_RAW_SAP売上計上仕訳_FBL3N.csv","4.evidence/PLC-S/PLC-S-002_25件対応_RAW_SAP売上計上仕訳_FBL3N.csv","CSV","(用途記述なし)"
"PLC-S-002","出荷-売上マッチング","PLC-S","Y","有効","直接エビデンス","PLC-S-002_25件対応_RAW_WMS出荷実績エクスポート.csv","4.evidence/PLC-S/PLC-S-002_25件対応_RAW_WMS出荷実績エクスポート.csv","CSV","(用途記述なし)"
"PLC-S-002","出荷-売上マッチング","PLC-S","Y","有効","直接エビデンス","PLC-S-002_25件対応_RAW_例外サンプル14_SAPバッチログ_SH-202510-0068.txt","4.evidence/PLC-S/PLC-S-002_25件対応_RAW_例外サンプル14_SAPバッチログ_SH-202510-0068.txt","TXT","(用途記述なし)"
"PLC-S-002","出荷-売上マッチング","PLC-S","Y","有効","直接エビデンス","PLC-S-002_25件対応_RAW_例外サンプル9_SAP_VA02変更履歴_SH-202508-0197.txt","4.evidence/PLC-S/PLC-S-002_25件対応_RAW_例外サンプル9_SAP_VA02変更履歴_SH-202508-0197.txt","TXT","(用途記述なし)"
"PLC-S-002","出荷-売上マッチング","PLC-S","Y","有効","直接エビデンス","PLC-S-002_SAP売上計上明細_202511.csv","4.evidence/PLC-S/PLC-S-002_SAP売上計上明細_202511.csv","CSV","SAPからの売上計上仕訳明細（生データ）"
"PLC-S-002","出荷-売上マッチング","PLC-S","Y","有効","直接エビデンス","PLC-S-002_SAP未マッチ明細リスト_202511.csv","4.evidence/PLC-S/PLC-S-002_SAP未マッチ明細リスト_202511.csv","CSV","未マッチ明細の検出ログ"
"PLC-S-002","出荷-売上マッチング","PLC-S","Y","有効","直接エビデンス","PLC-S-002_WMS出荷実績エクスポート_202511.csv","4.evidence/PLC-S/PLC-S-002_WMS出荷実績エクスポート_202511.csv","CSV","WMSからの出荷実績データ（生データ）"
"PLC-S-002","出荷-売上マッチング","PLC-S","Y","有効","直接エビデンス","PLC-S-002_監査対象25件サンプルリスト.xlsx","4.evidence/PLC-S/PLC-S-002_監査対象25件サンプルリスト.xlsx","XLSX","(用途記述なし)"
"PLC-S-003","請求書発行","PLC-S","Y","有効","直接エビデンス","PLC-S-003_25件対応_RAW_SAP請求書バッチログ_202504.txt","4.evidence/PLC-S/PLC-S-003_25件対応_RAW_SAP請求書バッチログ_202504.txt","TXT","(用途記述なし)"
"PLC-S-003","請求書発行","PLC-S","Y","有効","直接エビデンス","PLC-S-003_25件対応_RAW_SAP請求書バッチログ_202505.txt","4.evidence/PLC-S/PLC-S-003_25件対応_RAW_SAP請求書バッチログ_202505.txt","TXT","(用途記述なし)"
"PLC-S-003","請求書発行","PLC-S","Y","有効","直接エビデンス","PLC-S-003_25件対応_RAW_SAP請求書バッチログ_202506.txt","4.evidence/PLC-S/PLC-S-003_25件対応_RAW_SAP請求書バッチログ_202506.txt","TXT","(用途記述なし)"
"PLC-S-003","請求書発行","PLC-S","Y","有効","直接エビデンス","PLC-S-003_25件対応_RAW_SAP請求書バッチログ_202507.txt","4.evidence/PLC-S/PLC-S-003_25件対応_RAW_SAP請求書バッチログ_202507.txt","TXT","(用途記述なし)"
"PLC-S-003","請求書発行","PLC-S","Y","有効","直接エビデンス","PLC-S-003_25件対応_RAW_SAP請求書バッチログ_202508.txt","4.evidence/PLC-S/PLC-S-003_25件対応_RAW_SAP請求書バッチログ_202508.txt","TXT","(用途記述なし)"
"PLC-S-003","請求書発行","PLC-S","Y","有効","直接エビデンス","PLC-S-003_25件対応_RAW_SAP請求書バッチログ_202509.txt","4.evidence/PLC-S/PLC-S-003_25件対応_RAW_SAP請求書バッチログ_202509.txt","TXT","(用途記述なし)"
"PLC-S-003","請求書発行","PLC-S","Y","有効","直接エビデンス","PLC-S-003_25件対応_RAW_SAP請求書バッチログ_202510.txt","4.evidence/PLC-S/PLC-S-003_25件対応_RAW_SAP請求書バッチログ_202510.txt","TXT","(用途記述なし)"
"PLC-S-003","請求書発行","PLC-S","Y","有効","直接エビデンス","PLC-S-003_25件対応_RAW_SAP請求書バッチログ_202511.txt","4.evidence/PLC-S/PLC-S-003_25件対応_RAW_SAP請求書バッチログ_202511.txt","TXT","(用途記述なし)"
"PLC-S-003","請求書発行","PLC-S","Y","有効","直接エビデンス","PLC-S-003_25件対応_RAW_SAP請求書バッチログ_202512.txt","4.evidence/PLC-S/PLC-S-003_25件対応_RAW_SAP請求書バッチログ_202512.txt","TXT","(用途記述なし)"
"PLC-S-003","請求書発行","PLC-S","Y","有効","直接エビデンス","PLC-S-003_25件対応_RAW_SAP請求書バッチログ_202601.txt","4.evidence/PLC-S/PLC-S-003_25件対応_RAW_SAP請求書バッチログ_202601.txt","TXT","(用途記述なし)"
"PLC-S-003","請求書発行","PLC-S","Y","有効","直接エビデンス","PLC-S-003_25件対応_RAW_SAP請求書バッチログ_202602.txt","4.evidence/PLC-S/PLC-S-003_25件対応_RAW_SAP請求書バッチログ_202602.txt","TXT","(用途記述なし)"
"PLC-S-003","請求書発行","PLC-S","Y","有効","直接エビデンス","PLC-S-003_25件対応_RAW_SAP請求書バッチログ_202603.txt","4.evidence/PLC-S/PLC-S-003_25件対応_RAW_SAP請求書バッチログ_202603.txt","TXT","(用途記述なし)"
"PLC-S-003","請求書発行","PLC-S","Y","有効","直接エビデンス","PLC-S-003_25件対応_RAW_SAP請求書一覧_FY2025.csv","4.evidence/PLC-S/PLC-S-003_25件対応_RAW_SAP請求書一覧_FY2025.csv","CSV","(用途記述なし)"
"PLC-S-003","請求書発行","PLC-S","Y","有効","直接エビデンス","PLC-S-003_25件対応_請求書サンプル_202504_INV-202504-0001.pdf","4.evidence/PLC-S/PLC-S-003_25件対応_請求書サンプル_202504_INV-202504-0001.pdf","PDF","(用途記述なし)"
"PLC-S-003","請求書発行","PLC-S","Y","有効","直接エビデンス","PLC-S-003_25件対応_請求書サンプル_202505_INV-202505-0001.pdf","4.evidence/PLC-S/PLC-S-003_25件対応_請求書サンプル_202505_INV-202505-0001.pdf","PDF","(用途記述なし)"
"PLC-S-003","請求書発行","PLC-S","Y","有効","直接エビデンス","PLC-S-003_25件対応_請求書サンプル_202506_INV-202506-0001.pdf","4.evidence/PLC-S/PLC-S-003_25件対応_請求書サンプル_202506_INV-202506-0001.pdf","PDF","(用途記述なし)"
"PLC-S-003","請求書発行","PLC-S","Y","有効","直接エビデンス","PLC-S-003_25件対応_請求書サンプル_202507_INV-202507-0001.pdf","4.evidence/PLC-S/PLC-S-003_25件対応_請求書サンプル_202507_INV-202507-0001.pdf","PDF","(用途記述なし)"
"PLC-S-003","請求書発行","PLC-S","Y","有効","直接エビデンス","PLC-S-003_25件対応_請求書サンプル_202508_INV-202508-0001.pdf","4.evidence/PLC-S/PLC-S-003_25件対応_請求書サンプル_202508_INV-202508-0001.pdf","PDF","(用途記述なし)"
"PLC-S-003","請求書発行","PLC-S","Y","有効","直接エビデンス","PLC-S-003_25件対応_請求書サンプル_202509_INV-202509-0001.pdf","4.evidence/PLC-S/PLC-S-003_25件対応_請求書サンプル_202509_INV-202509-0001.pdf","PDF","(用途記述なし)"
"PLC-S-003","請求書発行","PLC-S","Y","有効","直接エビデンス","PLC-S-003_25件対応_請求書サンプル_202510_INV-202510-0001.pdf","4.evidence/PLC-S/PLC-S-003_25件対応_請求書サンプル_202510_INV-202510-0001.pdf","PDF","(用途記述なし)"
"PLC-S-003","請求書発行","PLC-S","Y","有効","直接エビデンス","PLC-S-003_25件対応_請求書サンプル_202511_INV-202511-0001.pdf","4.evidence/PLC-S/PLC-S-003_25件対応_請求書サンプル_202511_INV-202511-0001.pdf","PDF","(用途記述なし)"
"PLC-S-003","請求書発行","PLC-S","Y","有効","直接エビデンス","PLC-S-003_25件対応_請求書サンプル_202512_INV-202512-0001.pdf","4.evidence/PLC-S/PLC-S-003_25件対応_請求書サンプル_202512_INV-202512-0001.pdf","PDF","(用途記述なし)"
"PLC-S-003","請求書発行","PLC-S","Y","有効","直接エビデンス","PLC-S-003_25件対応_請求書サンプル_202601_INV-202601-0001.pdf","4.evidence/PLC-S/PLC-S-003_25件対応_請求書サンプル_202601_INV-202601-0001.pdf","PDF","(用途記述なし)"
"PLC-S-003","請求書発行","PLC-S","Y","有効","直接エビデンス","PLC-S-003_25件対応_請求書サンプル_202602_INV-202602-0001.pdf","4.evidence/PLC-S/PLC-S-003_25件対応_請求書サンプル_202602_INV-202602-0001.pdf","PDF","(用途記述なし)"
"PLC-S-003","請求書発行","PLC-S","Y","有効","直接エビデンス","PLC-S-003_25件対応_請求書サンプル_202603_INV-202603-0001.pdf","4.evidence/PLC-S/PLC-S-003_25件対応_請求書サンプル_202603_INV-202603-0001.pdf","PDF","(用途記述なし)"
"PLC-S-003","請求書発行","PLC-S","Y","有効","直接エビデンス","PLC-S-003_SAP請求書バッチ実行ログ_202511.txt","4.evidence/PLC-S/PLC-S-003_SAP請求書バッチ実行ログ_202511.txt","TXT","月次請求書自動発行バッチのログ"
"PLC-S-003","請求書発行","PLC-S","Y","有効","直接エビデンス","PLC-S-003_請求書_INV-202511-0234.pdf","4.evidence/PLC-S/PLC-S-003_請求書_INV-202511-0234.pdf","PDF","個別請求書原本"
"PLC-S-004","入金消込","PLC-S","Y","有効","直接エビデンス","PLC-S-004_25件対応_RAW_FB入金データ_25件抽出.csv","4.evidence/PLC-S/PLC-S-004_25件対応_RAW_FB入金データ_25件抽出.csv","CSV","(用途記述なし)"
"PLC-S-004","入金消込","PLC-S","Y","有効","直接エビデンス","PLC-S-004_25件対応_RAW_SAP入金消込履歴_F-28.csv","4.evidence/PLC-S/PLC-S-004_25件対応_RAW_SAP入金消込履歴_F-28.csv","CSV","(用途記述なし)"
"PLC-S-004","入金消込","PLC-S","Y","有効","直接エビデンス","PLC-S-004_FB入金データ_202511.csv","4.evidence/PLC-S/PLC-S-004_FB入金データ_202511.csv","CSV","銀行FBデータ（全銀形式）"
"PLC-S-004","入金消込","PLC-S","Y","有効","直接エビデンス","PLC-S-004_SAP入金消込画面.png","4.evidence/PLC-S/PLC-S-004_SAP入金消込画面.png","PNG","SAP F-28 入金消込画面"
"PLC-S-004","入金消込","PLC-S","Y","有効","直接エビデンス","PLC-S-004_監査対象25件サンプルリスト.xlsx","4.evidence/PLC-S/PLC-S-004_監査対象25件サンプルリスト.xlsx","XLSX","(用途記述なし)"
"PLC-S-005","売掛金年齢分析","PLC-S","N","判断保留(HOLD-2026-001)","直接エビデンス","PLC-S-005_25件対応_RAW_SAP売掛金年齢表_FB10N_202504.csv","4.evidence/PLC-S/PLC-S-005_25件対応_RAW_SAP売掛金年齢表_FB10N_202504.csv","CSV","(用途記述なし)"
"PLC-S-005","売掛金年齢分析","PLC-S","N","判断保留(HOLD-2026-001)","直接エビデンス","PLC-S-005_25件対応_RAW_SAP売掛金年齢表_FB10N_202505.csv","4.evidence/PLC-S/PLC-S-005_25件対応_RAW_SAP売掛金年齢表_FB10N_202505.csv","CSV","(用途記述なし)"
"PLC-S-005","売掛金年齢分析","PLC-S","N","判断保留(HOLD-2026-001)","直接エビデンス","PLC-S-005_25件対応_RAW_SAP売掛金年齢表_FB10N_202506.csv","4.evidence/PLC-S/PLC-S-005_25件対応_RAW_SAP売掛金年齢表_FB10N_202506.csv","CSV","(用途記述なし)"
"PLC-S-005","売掛金年齢分析","PLC-S","N","判断保留(HOLD-2026-001)","直接エビデンス","PLC-S-005_25件対応_RAW_SAP売掛金年齢表_FB10N_202507.csv","4.evidence/PLC-S/PLC-S-005_25件対応_RAW_SAP売掛金年齢表_FB10N_202507.csv","CSV","(用途記述なし)"
"PLC-S-005","売掛金年齢分析","PLC-S","N","判断保留(HOLD-2026-001)","直接エビデンス","PLC-S-005_25件対応_RAW_SAP売掛金年齢表_FB10N_202508.csv","4.evidence/PLC-S/PLC-S-005_25件対応_RAW_SAP売掛金年齢表_FB10N_202508.csv","CSV","(用途記述なし)"
"PLC-S-005","売掛金年齢分析","PLC-S","N","判断保留(HOLD-2026-001)","直接エビデンス","PLC-S-005_25件対応_RAW_SAP売掛金年齢表_FB10N_202509.csv","4.evidence/PLC-S/PLC-S-005_25件対応_RAW_SAP売掛金年齢表_FB10N_202509.csv","CSV","(用途記述なし)"
"PLC-S-005","売掛金年齢分析","PLC-S","N","判断保留(HOLD-2026-001)","直接エビデンス","PLC-S-005_25件対応_RAW_SAP売掛金年齢表_FB10N_202510.csv","4.evidence/PLC-S/PLC-S-005_25件対応_RAW_SAP売掛金年齢表_FB10N_202510.csv","CSV","(用途記述なし)"
"PLC-S-005","売掛金年齢分析","PLC-S","N","判断保留(HOLD-2026-001)","直接エビデンス","PLC-S-005_25件対応_RAW_SAP売掛金年齢表_FB10N_202511.csv","4.evidence/PLC-S/PLC-S-005_25件対応_RAW_SAP売掛金年齢表_FB10N_202511.csv","CSV","(用途記述なし)"
"PLC-S-005","売掛金年齢分析","PLC-S","N","判断保留(HOLD-2026-001)","直接エビデンス","PLC-S-005_25件対応_RAW_SAP売掛金年齢表_FB10N_202512.csv","4.evidence/PLC-S/PLC-S-005_25件対応_RAW_SAP売掛金年齢表_FB10N_202512.csv","CSV","(用途記述なし)"
"PLC-S-005","売掛金年齢分析","PLC-S","N","判断保留(HOLD-2026-001)","直接エビデンス","PLC-S-005_25件対応_RAW_SAP売掛金年齢表_FB10N_202601.csv","4.evidence/PLC-S/PLC-S-005_25件対応_RAW_SAP売掛金年齢表_FB10N_202601.csv","CSV","(用途記述なし)"
"PLC-S-005","売掛金年齢分析","PLC-S","N","判断保留(HOLD-2026-001)","直接エビデンス","PLC-S-005_25件対応_RAW_SAP売掛金年齢表_FB10N_202602.csv","4.evidence/PLC-S/PLC-S-005_25件対応_RAW_SAP売掛金年齢表_FB10N_202602.csv","CSV","(用途記述なし)"
"PLC-S-005","売掛金年齢分析","PLC-S","N","判断保留(HOLD-2026-001)","直接エビデンス","PLC-S-005_25件対応_RAW_SAP売掛金年齢表_FB10N_202603.csv","4.evidence/PLC-S/PLC-S-005_25件対応_RAW_SAP売掛金年齢表_FB10N_202603.csv","CSV","(用途記述なし)"
"PLC-S-006","期末カットオフ","PLC-S","Y","有効","直接エビデンス","PLC-S-006_RAW_SAP期末前後出荷売上明細_FY2025期末.csv","4.evidence/PLC-S/PLC-S-006_RAW_SAP期末前後出荷売上明細_FY2025期末.csv","CSV","(用途記述なし)"
"PLC-S-007","価格マスタ承認","PLC-S","N","有効","直接エビデンス","PLC-S-007_25件対応_RAW_SAP_VK12変更履歴.csv","4.evidence/PLC-S/PLC-S-007_25件対応_RAW_SAP_VK12変更履歴.csv","CSV","(用途記述なし)"
"PLC-S-007","価格マスタ承認","PLC-S","N","有効","直接エビデンス","PLC-S-007_25件対応_価格変更稟議_サンプル01_W-2025-1818.pdf","4.evidence/PLC-S/PLC-S-007_25件対応_価格変更稟議_サンプル01_W-2025-1818.pdf","PDF","(用途記述なし)"
"PLC-S-007","価格マスタ承認","PLC-S","N","有効","直接エビデンス","PLC-S-007_25件対応_価格変更稟議_サンプル02_W-2025-1836.pdf","4.evidence/PLC-S/PLC-S-007_25件対応_価格変更稟議_サンプル02_W-2025-1836.pdf","PDF","(用途記述なし)"
"PLC-S-007","価格マスタ承認","PLC-S","N","有効","直接エビデンス","PLC-S-007_25件対応_価格変更稟議_サンプル03_W-2025-1854.pdf","4.evidence/PLC-S/PLC-S-007_25件対応_価格変更稟議_サンプル03_W-2025-1854.pdf","PDF","(用途記述なし)"
"PLC-S-007","価格マスタ承認","PLC-S","N","有効","直接エビデンス","PLC-S-007_25件対応_価格変更稟議_サンプル04_W-2025-1872.pdf","4.evidence/PLC-S/PLC-S-007_25件対応_価格変更稟議_サンプル04_W-2025-1872.pdf","PDF","(用途記述なし)"
"PLC-S-007","価格マスタ承認","PLC-S","N","有効","直接エビデンス","PLC-S-007_25件対応_価格変更稟議_サンプル05_W-2025-1890.pdf","4.evidence/PLC-S/PLC-S-007_25件対応_価格変更稟議_サンプル05_W-2025-1890.pdf","PDF","(用途記述なし)"
"PLC-S-007","価格マスタ承認","PLC-S","N","有効","直接エビデンス","PLC-S-007_25件対応_価格変更稟議_サンプル06_W-2025-1908.pdf","4.evidence/PLC-S/PLC-S-007_25件対応_価格変更稟議_サンプル06_W-2025-1908.pdf","PDF","(用途記述なし)"
"PLC-S-007","価格マスタ承認","PLC-S","N","有効","直接エビデンス","PLC-S-007_25件対応_価格変更稟議_サンプル07_W-2025-1926.pdf","4.evidence/PLC-S/PLC-S-007_25件対応_価格変更稟議_サンプル07_W-2025-1926.pdf","PDF","(用途記述なし)"
"PLC-S-007","価格マスタ承認","PLC-S","N","有効","直接エビデンス","PLC-S-007_25件対応_価格変更稟議_サンプル08_W-2025-1944.pdf","4.evidence/PLC-S/PLC-S-007_25件対応_価格変更稟議_サンプル08_W-2025-1944.pdf","PDF","(用途記述なし)"
"PLC-S-007","価格マスタ承認","PLC-S","N","有効","直接エビデンス","PLC-S-007_25件対応_価格変更稟議_サンプル09_W-2025-1962.pdf","4.evidence/PLC-S/PLC-S-007_25件対応_価格変更稟議_サンプル09_W-2025-1962.pdf","PDF","(用途記述なし)"
"PLC-S-007","価格マスタ承認","PLC-S","N","有効","直接エビデンス","PLC-S-007_25件対応_価格変更稟議_サンプル10_W-2025-1980.pdf","4.evidence/PLC-S/PLC-S-007_25件対応_価格変更稟議_サンプル10_W-2025-1980.pdf","PDF","(用途記述なし)"
"PLC-S-007","価格マスタ承認","PLC-S","N","有効","直接エビデンス","PLC-S-007_25件対応_価格変更稟議_サンプル11_W-2025-1998.pdf","4.evidence/PLC-S/PLC-S-007_25件対応_価格変更稟議_サンプル11_W-2025-1998.pdf","PDF","(用途記述なし)"
"PLC-S-007","価格マスタ承認","PLC-S","N","有効","直接エビデンス","PLC-S-007_25件対応_価格変更稟議_サンプル12_W-2025-2016.pdf","4.evidence/PLC-S/PLC-S-007_25件対応_価格変更稟議_サンプル12_W-2025-2016.pdf","PDF","(用途記述なし)"
"PLC-S-007","価格マスタ承認","PLC-S","N","有効","直接エビデンス","PLC-S-007_25件対応_価格変更稟議_サンプル13_W-2025-2034.pdf","4.evidence/PLC-S/PLC-S-007_25件対応_価格変更稟議_サンプル13_W-2025-2034.pdf","PDF","(用途記述なし)"
"PLC-S-007","価格マスタ承認","PLC-S","N","有効","直接エビデンス","PLC-S-007_25件対応_価格変更稟議_サンプル14_W-2025-2052.pdf","4.evidence/PLC-S/PLC-S-007_25件対応_価格変更稟議_サンプル14_W-2025-2052.pdf","PDF","(用途記述なし)"
"PLC-S-007","価格マスタ承認","PLC-S","N","有効","直接エビデンス","PLC-S-007_25件対応_価格変更稟議_サンプル15_W-2025-2070.pdf","4.evidence/PLC-S/PLC-S-007_25件対応_価格変更稟議_サンプル15_W-2025-2070.pdf","PDF","(用途記述なし)"
"PLC-S-007","価格マスタ承認","PLC-S","N","有効","直接エビデンス","PLC-S-007_25件対応_価格変更稟議_サンプル16_W-2025-2088.pdf","4.evidence/PLC-S/PLC-S-007_25件対応_価格変更稟議_サンプル16_W-2025-2088.pdf","PDF","(用途記述なし)"
"PLC-S-007","価格マスタ承認","PLC-S","N","有効","直接エビデンス","PLC-S-007_25件対応_価格変更稟議_サンプル17_W-2025-2106.pdf","4.evidence/PLC-S/PLC-S-007_25件対応_価格変更稟議_サンプル17_W-2025-2106.pdf","PDF","(用途記述なし)"
"PLC-S-007","価格マスタ承認","PLC-S","N","有効","直接エビデンス","PLC-S-007_25件対応_価格変更稟議_サンプル18_W-2025-2124.pdf","4.evidence/PLC-S/PLC-S-007_25件対応_価格変更稟議_サンプル18_W-2025-2124.pdf","PDF","(用途記述なし)"
"PLC-S-007","価格マスタ承認","PLC-S","N","有効","直接エビデンス","PLC-S-007_25件対応_価格変更稟議_サンプル19_W-2025-2142.pdf","4.evidence/PLC-S/PLC-S-007_25件対応_価格変更稟議_サンプル19_W-2025-2142.pdf","PDF","(用途記述なし)"
"PLC-S-007","価格マスタ承認","PLC-S","N","有効","直接エビデンス","PLC-S-007_25件対応_価格変更稟議_サンプル20_W-2025-2160.pdf","4.evidence/PLC-S/PLC-S-007_25件対応_価格変更稟議_サンプル20_W-2025-2160.pdf","PDF","(用途記述なし)"
"PLC-S-007","価格マスタ承認","PLC-S","N","有効","直接エビデンス","PLC-S-007_25件対応_価格変更稟議_サンプル21_W-2025-2178.pdf","4.evidence/PLC-S/PLC-S-007_25件対応_価格変更稟議_サンプル21_W-2025-2178.pdf","PDF","(用途記述なし)"
"PLC-S-007","価格マスタ承認","PLC-S","N","有効","直接エビデンス","PLC-S-007_25件対応_価格変更稟議_サンプル22_W-2025-2196.pdf","4.evidence/PLC-S/PLC-S-007_25件対応_価格変更稟議_サンプル22_W-2025-2196.pdf","PDF","(用途記述なし)"
"PLC-S-007","価格マスタ承認","PLC-S","N","有効","直接エビデンス","PLC-S-007_25件対応_価格変更稟議_サンプル23_W-2025-2214.pdf","4.evidence/PLC-S/PLC-S-007_25件対応_価格変更稟議_サンプル23_W-2025-2214.pdf","PDF","(用途記述なし)"
"PLC-S-007","価格マスタ承認","PLC-S","N","有効","直接エビデンス","PLC-S-007_25件対応_価格変更稟議_サンプル24_W-2025-2232.pdf","4.evidence/PLC-S/PLC-S-007_25件対応_価格変更稟議_サンプル24_W-2025-2232.pdf","PDF","(用途記述なし)"
"PLC-S-007","価格マスタ承認","PLC-S","N","有効","直接エビデンス","PLC-S-007_25件対応_価格変更稟議_サンプル25_W-2025-2250.pdf","4.evidence/PLC-S/PLC-S-007_25件対応_価格変更稟議_サンプル25_W-2025-2250.pdf","PDF","(用途記述なし)"
"PLC-S-007","価格マスタ承認","PLC-S","N","有効","直接エビデンス","PLC-S-007_価格マスタ変更稟議_W-2025-1876.pdf","4.evidence/PLC-S/PLC-S-007_価格マスタ変更稟議_W-2025-1876.pdf","PDF","価格変更稟議書（承認印付）"
"PLC-S-007","価格マスタ承認","PLC-S","N","有効","直接エビデンス","PLC-S-007_監査対象25件サンプルリスト.xlsx","4.evidence/PLC-S/PLC-S-007_監査対象25件サンプルリスト.xlsx","XLSX","(用途記述なし)"
